id;start_date;end_date;language
1;2023-11-09T06:11:18;2023-11-09T02:55:47;FRENCH
2;2023-11-09T06:06:51;2023-11-08T19:05:36;SPANISH
3;2023-11-09T07:15:41;2023-11-09T06:56:27;ENGLISH
4;2023-11-09T01:57:21;2023-11-08T11:16:30;SPANISH
5;2023-11-09T05:02:23;2023-11-09T09:48:37;ENGLISH
6;2023-11-09T01:37:28;2023-11-09T09:19:13;SPANISH
7;2023-11-08T17:31:20;2023-11-09T02:02:16;ENGLISH
8;2023-11-08T20:11:00;2023-11-09T06:11:21;ENGLISH
9;2023-11-08T22:39:31;2023-11-08T18:42:05;SPANISH
10;2023-11-08T20:47:38;2023-11-08T16:46:33;SPANISH
